운영평가ID,통제ID,평가연도,평가차수,평가기준일,표본수,예외건수,증빙상태,기한내제출여부,운영평가결과,평가자,검토완료여부,비고
OE-C0001-1차,C0001,2026,1차,2026-04-30,3,2,완료,N,미흡,내부회계팀,Y,
OE-C0001-2차,C0001,2026,2차,2026-08-31,5,0,완료,Y,적정,내부회계팀,Y,
OE-C0001-3차,C0001,2026,3차,2026-12-31,1,0,완료,Y,적정,내부회계팀,Y,
OE-C0002-1차,C0002,2026,1차,2026-04-30,10,0,완료,Y,적정,내부회계팀,Y,
OE-C0002-2차,C0002,2026,2차,2026-08-31,5,0,완료,Y,적정,내부회계팀,Y,
OE-C0002-3차,C0002,2026,3차,2026-12-31,3,0,완료,Y,적정,내부회계팀,Y,
OE-C0003-1차,C0003,2026,1차,2026-04-30,15,0,완료,N,적정,내부회계팀,Y,
OE-C0003-2차,C0003,2026,2차,2026-08-31,25,0,완료,Y,적정,내부회계팀,Y,
OE-C0003-3차,C0003,2026,3차,2026-12-31,10,0,완료,Y,적정,내부회계팀,Y,
OE-C0004-1차,C0004,2026,1차,2026-04-30,3,0,완료,Y,적정,내부회계팀,Y,
OE-C0004-2차,C0004,2026,2차,2026-08-31,3,0,완료,Y,적정,내부회계팀,Y,
OE-C0004-3차,C0004,2026,3차,2026-12-31,15,0,완료,Y,적정,내부회계팀,Y,
OE-C0005-1차,C0005,2026,1차,2026-04-30,5,0,완료,Y,적정,내부회계팀,Y,
OE-C0005-2차,C0005,2026,2차,2026-08-31,15,0,완료,Y,적정,내부회계팀,Y,
OE-C0005-3차,C0005,2026,3차,2026-12-31,15,0,완료,N,적정,내부회계팀,Y,
OE-C0006-1차,C0006,2026,1차,2026-04-30,5,0,완료,Y,적정,내부회계팀,Y,
OE-C0006-2차,C0006,2026,2차,2026-08-31,25,0,완료,Y,적정,내부회계팀,Y,
OE-C0006-3차,C0006,2026,3차,2026-12-31,5,0,완료,N,적정,내부회계팀,Y,
OE-C0007-1차,C0007,2026,1차,2026-04-30,1,0,완료,Y,적정,내부회계팀,Y,
OE-C0007-2차,C0007,2026,2차,2026-08-31,15,0,완료,Y,적정,내부회계팀,Y,
OE-C0007-3차,C0007,2026,3차,2026-12-31,3,0,완료,Y,적정,내부회계팀,Y,
OE-C0008-1차,C0008,2026,1차,2026-04-30,25,0,완료,Y,적정,내부회계팀,Y,
OE-C0008-2차,C0008,2026,2차,2026-08-31,1,0,완료,Y,적정,내부회계팀,Y,
OE-C0008-3차,C0008,2026,3차,2026-12-31,25,0,완료,Y,적정,내부회계팀,Y,
OE-C0009-1차,C0009,2026,1차,2026-04-30,3,0,완료,N,적정,내부회계팀,Y,
OE-C0009-2차,C0009,2026,2차,2026-08-31,25,4,미제출,Y,미흡,내부회계팀,Y,
OE-C0009-3차,C0009,2026,3차,2026-12-31,25,0,완료,Y,적정,내부회계팀,Y,
OE-C0010-1차,C0010,2026,1차,2026-04-30,15,0,완료,N,적정,내부회계팀,Y,
OE-C0010-2차,C0010,2026,2차,2026-08-31,1,0,완료,Y,적정,내부회계팀,Y,
OE-C0010-3차,C0010,2026,3차,2026-12-31,1,0,완료,Y,적정,내부회계팀,Y,
OE-C0011-1차,C0011,2026,1차,2026-04-30,5,0,완료,Y,적정,내부회계팀,Y,
OE-C0011-2차,C0011,2026,2차,2026-08-31,15,0,완료,Y,적정,내부회계팀,Y,
OE-C0011-3차,C0011,2026,3차,2026-12-31,1,1,불완전,N,미흡,내부회계팀,Y,
OE-C0012-1차,C0012,2026,1차,2026-04-30,10,0,완료,Y,적정,내부회계팀,Y,
OE-C0012-2차,C0012,2026,2차,2026-08-31,10,0,완료,Y,적정,내부회계팀,Y,
OE-C0012-3차,C0012,2026,3차,2026-12-31,3,0,완료,Y,적정,내부회계팀,Y,
OE-C0013-1차,C0013,2026,1차,2026-04-30,3,0,완료,Y,적정,내부회계팀,Y,
OE-C0013-2차,C0013,2026,2차,2026-08-31,15,0,완료,Y,적정,내부회계팀,Y,
OE-C0013-3차,C0013,2026,3차,2026-12-31,15,0,완료,N,적정,내부회계팀,Y,
OE-C0014-1차,C0014,2026,1차,2026-04-30,10,0,완료,Y,적정,내부회계팀,Y,
OE-C0014-2차,C0014,2026,2차,2026-08-31,10,0,완료,Y,적정,내부회계팀,Y,
OE-C0014-3차,C0014,2026,3차,2026-12-31,1,0,완료,Y,적정,내부회계팀,Y,
OE-C0015-1차,C0015,2026,1차,2026-04-30,10,0,완료,Y,적정,내부회계팀,Y,
OE-C0015-2차,C0015,2026,2차,2026-08-31,1,0,완료,Y,적정,내부회계팀,Y,
OE-C0015-3차,C0015,2026,3차,2026-12-31,10,0,완료,Y,적정,내부회계팀,Y,
OE-C0016-1차,C0016,2026,1차,2026-04-30,5,0,완료,Y,적정,내부회계팀,Y,
OE-C0016-2차,C0016,2026,2차,2026-08-31,10,5,불완전,N,미흡,내부회계팀,Y,
OE-C0016-3차,C0016,2026,3차,2026-12-31,10,0,완료,Y,적정,내부회계팀,Y,
OE-C0017-1차,C0017,2026,1차,2026-04-30,25,0,완료,Y,적정,내부회계팀,Y,
OE-C0017-2차,C0017,2026,2차,2026-08-31,1,0,완료,Y,적정,내부회계팀,Y,
OE-C0017-3차,C0017,2026,3차,2026-12-31,15,0,완료,Y,적정,내부회계팀,Y,
OE-C0018-1차,C0018,2026,1차,2026-04-30,15,0,완료,Y,적정,내부회계팀,Y,
OE-C0018-2차,C0018,2026,2차,2026-08-31,25,0,완료,Y,적정,내부회계팀,Y,
OE-C0018-3차,C0018,2026,3차,2026-12-31,10,0,완료,Y,적정,내부회계팀,Y,
OE-C0019-1차,C0019,2026,1차,2026-04-30,25,0,완료,Y,적정,내부회계팀,Y,
OE-C0019-2차,C0019,2026,2차,2026-08-31,15,0,완료,Y,적정,내부회계팀,Y,
OE-C0019-3차,C0019,2026,3차,2026-12-31,5,0,완료,Y,적정,내부회계팀,Y,
OE-C0020-1차,C0020,2026,1차,2026-04-30,25,0,완료,Y,적정,내부회계팀,Y,
OE-C0020-2차,C0020,2026,2차,2026-08-31,10,0,완료,Y,적정,내부회계팀,Y,
OE-C0020-3차,C0020,2026,3차,2026-12-31,10,0,완료,Y,적정,내부회계팀,Y,
OE-C0021-1차,C0021,2026,1차,2026-04-30,1,0,완료,Y,적정,내부회계팀,Y,
OE-C0021-2차,C0021,2026,2차,2026-08-31,25,0,완료,Y,적정,내부회계팀,Y,
OE-C0021-3차,C0021,2026,3차,2026-12-31,5,0,완료,Y,적정,내부회계팀,Y,
OE-C0022-1차,C0022,2026,1차,2026-04-30,15,0,완료,Y,적정,내부회계팀,Y,
OE-C0022-2차,C0022,2026,2차,2026-08-31,25,0,완료,N,적정,내부회계팀,Y,
OE-C0022-3차,C0022,2026,3차,2026-12-31,10,0,완료,Y,적정,내부회계팀,Y,
OE-C0023-1차,C0023,2026,1차,2026-04-30,5,0,완료,Y,적정,내부회계팀,Y,
OE-C0023-2차,C0023,2026,2차,2026-08-31,3,3,불완전,N,미흡,내부회계팀,Y,
OE-C0023-3차,C0023,2026,3차,2026-12-31,5,0,완료,Y,적정,내부회계팀,Y,
OE-C0024-1차,C0024,2026,1차,2026-04-30,3,0,완료,Y,적정,내부회계팀,Y,
OE-C0024-2차,C0024,2026,2차,2026-08-31,10,0,완료,Y,적정,내부회계팀,Y,
OE-C0024-3차,C0024,2026,3차,2026-12-31,1,0,완료,Y,적정,내부회계팀,Y,
OE-C0025-1차,C0025,2026,1차,2026-04-30,25,0,완료,Y,적정,내부회계팀,Y,
OE-C0025-2차,C0025,2026,2차,2026-08-31,3,0,완료,Y,적정,내부회계팀,Y,
OE-C0025-3차,C0025,2026,3차,2026-12-31,5,0,완료,Y,적정,내부회계팀,Y,
OE-C0026-1차,C0026,2026,1차,2026-04-30,15,0,완료,Y,적정,내부회계팀,Y,
OE-C0026-2차,C0026,2026,2차,2026-08-31,25,0,완료,Y,적정,내부회계팀,Y,
OE-C0026-3차,C0026,2026,3차,2026-12-31,10,0,완료,N,적정,내부회계팀,Y,
OE-C0027-1차,C0027,2026,1차,2026-04-30,15,0,완료,Y,적정,내부회계팀,Y,
OE-C0027-2차,C0027,2026,2차,2026-08-31,25,0,완료,Y,적정,내부회계팀,Y,
OE-C0027-3차,C0027,2026,3차,2026-12-31,15,0,완료,Y,적정,내부회계팀,Y,
OE-C0028-1차,C0028,2026,1차,2026-04-30,10,0,완료,Y,적정,내부회계팀,Y,
OE-C0028-2차,C0028,2026,2차,2026-08-31,5,0,완료,Y,적정,내부회계팀,Y,
OE-C0028-3차,C0028,2026,3차,2026-12-31,1,0,완료,Y,적정,내부회계팀,Y,
OE-C0029-1차,C0029,2026,1차,2026-04-30,5,0,완료,Y,적정,내부회계팀,Y,
OE-C0029-2차,C0029,2026,2차,2026-08-31,1,0,완료,N,적정,내부회계팀,Y,
OE-C0029-3차,C0029,2026,3차,2026-12-31,5,0,완료,N,적정,내부회계팀,Y,
OE-C0030-1차,C0030,2026,1차,2026-04-30,1,0,완료,Y,적정,내부회계팀,Y,
OE-C0030-2차,C0030,2026,2차,2026-08-31,3,0,완료,Y,적정,내부회계팀,Y,
OE-C0030-3차,C0030,2026,3차,2026-12-31,3,0,완료,Y,적정,내부회계팀,Y,
OE-C0031-1차,C0031,2026,1차,2026-04-30,25,1,불완전,Y,미흡,내부회계팀,Y,
OE-C0031-2차,C0031,2026,2차,2026-08-31,3,4,미제출,Y,미흡,내부회계팀,Y,
OE-C0031-3차,C0031,2026,3차,2026-12-31,25,0,완료,N,적정,내부회계팀,Y,
OE-C0032-1차,C0032,2026,1차,2026-04-30,3,0,완료,N,적정,내부회계팀,Y,
OE-C0032-2차,C0032,2026,2차,2026-08-31,1,0,완료,Y,적정,내부회계팀,Y,
OE-C0032-3차,C0032,2026,3차,2026-12-31,25,0,완료,Y,적정,내부회계팀,Y,
OE-C0033-1차,C0033,2026,1차,2026-04-30,1,0,완료,Y,적정,내부회계팀,Y,
OE-C0033-2차,C0033,2026,2차,2026-08-31,1,0,완료,Y,적정,내부회계팀,Y,
OE-C0033-3차,C0033,2026,3차,2026-12-31,3,0,완료,N,적정,내부회계팀,Y,
OE-C0034-1차,C0034,2026,1차,2026-04-30,5,0,완료,Y,적정,내부회계팀,Y,
OE-C0034-2차,C0034,2026,2차,2026-08-31,3,0,완료,Y,적정,내부회계팀,Y,
OE-C0034-3차,C0034,2026,3차,2026-12-31,10,0,완료,Y,적정,내부회계팀,Y,
OE-C0035-1차,C0035,2026,1차,2026-04-30,15,0,완료,Y,적정,내부회계팀,Y,
OE-C0035-2차,C0035,2026,2차,2026-08-31,1,0,완료,N,적정,내부회계팀,Y,
OE-C0035-3차,C0035,2026,3차,2026-12-31,25,0,완료,Y,적정,내부회계팀,Y,
OE-C0036-1차,C0036,2026,1차,2026-04-30,1,0,완료,Y,적정,내부회계팀,Y,
OE-C0036-2차,C0036,2026,2차,2026-08-31,3,0,완료,Y,적정,내부회계팀,Y,
OE-C0036-3차,C0036,2026,3차,2026-12-31,3,0,완료,Y,적정,내부회계팀,Y,
OE-C0037-1차,C0037,2026,1차,2026-04-30,5,0,완료,Y,적정,내부회계팀,Y,
OE-C0037-2차,C0037,2026,2차,2026-08-31,5,0,완료,Y,적정,내부회계팀,Y,
OE-C0037-3차,C0037,2026,3차,2026-12-31,15,0,완료,Y,적정,내부회계팀,Y,
OE-C0038-1차,C0038,2026,1차,2026-04-30,1,0,완료,Y,적정,내부회계팀,Y,
OE-C0038-2차,C0038,2026,2차,2026-08-31,15,0,완료,Y,적정,내부회계팀,Y,
OE-C0038-3차,C0038,2026,3차,2026-12-31,15,0,완료,Y,적정,내부회계팀,Y,
OE-C0039-1차,C0039,2026,1차,2026-04-30,1,0,완료,Y,적정,내부회계팀,Y,
OE-C0039-2차,C0039,2026,2차,2026-08-31,5,0,완료,Y,적정,내부회계팀,Y,
OE-C0039-3차,C0039,2026,3차,2026-12-31,10,0,완료,Y,적정,내부회계팀,Y,
OE-C0040-1차,C0040,2026,1차,2026-04-30,15,0,완료,Y,적정,내부회계팀,Y,
OE-C0040-2차,C0040,2026,2차,2026-08-31,10,0,완료,Y,적정,내부회계팀,Y,
OE-C0040-3차,C0040,2026,3차,2026-12-31,15,0,완료,Y,적정,내부회계팀,Y,
OE-C0041-1차,C0041,2026,1차,2026-04-30,25,0,완료,N,적정,내부회계팀,Y,
OE-C0041-2차,C0041,2026,2차,2026-08-31,10,0,완료,N,적정,내부회계팀,Y,
OE-C0041-3차,C0041,2026,3차,2026-12-31,25,0,완료,Y,적정,내부회계팀,Y,
OE-C0042-1차,C0042,2026,1차,2026-04-30,5,0,완료,Y,적정,내부회계팀,Y,
OE-C0042-2차,C0042,2026,2차,2026-08-31,15,0,완료,Y,적정,내부회계팀,Y,
OE-C0042-3차,C0042,2026,3차,2026-12-31,3,0,완료,Y,적정,내부회계팀,Y,
OE-C0043-1차,C0043,2026,1차,2026-04-30,1,0,완료,Y,적정,내부회계팀,Y,
OE-C0043-2차,C0043,2026,2차,2026-08-31,5,0,완료,Y,적정,내부회계팀,Y,
OE-C0043-3차,C0043,2026,3차,2026-12-31,10,0,완료,Y,적정,내부회계팀,Y,
OE-C0044-1차,C0044,2026,1차,2026-04-30,3,0,완료,Y,적정,내부회계팀,Y,
OE-C0044-2차,C0044,2026,2차,2026-08-31,3,0,완료,Y,적정,내부회계팀,Y,
OE-C0044-3차,C0044,2026,3차,2026-12-31,25,0,완료,Y,적정,내부회계팀,Y,
OE-C0045-1차,C0045,2026,1차,2026-04-30,15,0,완료,Y,적정,내부회계팀,Y,
OE-C0045-2차,C0045,2026,2차,2026-08-31,5,0,완료,Y,적정,내부회계팀,Y,
OE-C0045-3차,C0045,2026,3차,2026-12-31,1,0,완료,Y,적정,내부회계팀,Y,
OE-C0046-1차,C0046,2026,1차,2026-04-30,10,0,완료,N,적정,내부회계팀,Y,
OE-C0046-2차,C0046,2026,2차,2026-08-31,10,0,완료,Y,적정,내부회계팀,Y,
OE-C0046-3차,C0046,2026,3차,2026-12-31,5,0,완료,N,적정,내부회계팀,Y,
OE-C0047-1차,C0047,2026,1차,2026-04-30,15,0,완료,Y,적정,내부회계팀,Y,
OE-C0047-2차,C0047,2026,2차,2026-08-31,10,0,완료,Y,적정,내부회계팀,Y,
OE-C0047-3차,C0047,2026,3차,2026-12-31,10,0,완료,Y,적정,내부회계팀,Y,
OE-C0048-1차,C0048,2026,1차,2026-04-30,1,0,완료,Y,적정,내부회계팀,Y,
OE-C0048-2차,C0048,2026,2차,2026-08-31,5,0,완료,Y,적정,내부회계팀,Y,
OE-C0048-3차,C0048,2026,3차,2026-12-31,15,0,완료,Y,적정,내부회계팀,Y,
OE-C0049-1차,C0049,2026,1차,2026-04-30,10,0,완료,Y,적정,내부회계팀,Y,
OE-C0049-2차,C0049,2026,2차,2026-08-31,10,0,완료,N,적정,내부회계팀,Y,
OE-C0049-3차,C0049,2026,3차,2026-12-31,3,0,완료,Y,적정,내부회계팀,Y,
OE-C0050-1차,C0050,2026,1차,2026-04-30,25,0,완료,Y,적정,내부회계팀,Y,
OE-C0050-2차,C0050,2026,2차,2026-08-31,5,0,완료,Y,적정,내부회계팀,Y,
OE-C0050-3차,C0050,2026,3차,2026-12-31,3,0,완료,Y,적정,내부회계팀,Y,
OE-C0051-1차,C0051,2026,1차,2026-04-30,3,0,완료,Y,적정,내부회계팀,Y,
OE-C0051-2차,C0051,2026,2차,2026-08-31,10,0,완료,N,적정,내부회계팀,Y,
OE-C0051-3차,C0051,2026,3차,2026-12-31,15,0,완료,Y,적정,내부회계팀,Y,
OE-C0052-1차,C0052,2026,1차,2026-04-30,25,0,완료,Y,적정,내부회계팀,Y,
OE-C0052-2차,C0052,2026,2차,2026-08-31,3,0,완료,Y,적정,내부회계팀,Y,
OE-C0052-3차,C0052,2026,3차,2026-12-31,25,0,완료,Y,적정,내부회계팀,Y,
OE-C0053-1차,C0053,2026,1차,2026-04-30,15,0,완료,Y,적정,내부회계팀,Y,
OE-C0053-2차,C0053,2026,2차,2026-08-31,1,0,완료,Y,적정,내부회계팀,Y,
OE-C0053-3차,C0053,2026,3차,2026-12-31,25,0,완료,Y,적정,내부회계팀,Y,
OE-C0054-1차,C0054,2026,1차,2026-04-30,3,0,완료,Y,적정,내부회계팀,Y,
OE-C0054-2차,C0054,2026,2차,2026-08-31,5,0,완료,Y,적정,내부회계팀,Y,
OE-C0054-3차,C0054,2026,3차,2026-12-31,15,0,완료,Y,적정,내부회계팀,Y,
OE-C0055-1차,C0055,2026,1차,2026-04-30,1,0,완료,Y,적정,내부회계팀,Y,
OE-C0055-2차,C0055,2026,2차,2026-08-31,10,0,완료,Y,적정,내부회계팀,Y,
OE-C0055-3차,C0055,2026,3차,2026-12-31,10,0,완료,Y,적정,내부회계팀,Y,
OE-C0056-1차,C0056,2026,1차,2026-04-30,15,0,완료,Y,적정,내부회계팀,Y,
OE-C0056-2차,C0056,2026,2차,2026-08-31,10,1,완료,N,미흡,내부회계팀,Y,
OE-C0056-3차,C0056,2026,3차,2026-12-31,10,4,완료,N,미흡,내부회계팀,Y,
OE-C0057-1차,C0057,2026,1차,2026-04-30,5,0,완료,Y,적정,내부회계팀,Y,
OE-C0057-2차,C0057,2026,2차,2026-08-31,5,0,완료,Y,적정,내부회계팀,Y,
OE-C0057-3차,C0057,2026,3차,2026-12-31,5,0,완료,Y,적정,내부회계팀,Y,
OE-C0058-1차,C0058,2026,1차,2026-04-30,15,0,완료,Y,적정,내부회계팀,Y,
OE-C0058-2차,C0058,2026,2차,2026-08-31,5,0,완료,Y,적정,내부회계팀,Y,
OE-C0058-3차,C0058,2026,3차,2026-12-31,25,0,완료,Y,적정,내부회계팀,Y,
OE-C0059-1차,C0059,2026,1차,2026-04-30,15,2,미제출,N,미흡,내부회계팀,Y,
OE-C0059-2차,C0059,2026,2차,2026-08-31,15,0,완료,N,적정,내부회계팀,Y,
OE-C0059-3차,C0059,2026,3차,2026-12-31,5,0,완료,Y,적정,내부회계팀,Y,
OE-C0060-1차,C0060,2026,1차,2026-04-30,10,0,완료,N,적정,내부회계팀,Y,
OE-C0060-2차,C0060,2026,2차,2026-08-31,5,0,완료,Y,적정,내부회계팀,Y,
OE-C0060-3차,C0060,2026,3차,2026-12-31,5,0,완료,Y,적정,내부회계팀,Y,
OE-C0061-1차,C0061,2026,1차,2026-04-30,5,0,완료,Y,적정,내부회계팀,Y,
OE-C0061-2차,C0061,2026,2차,2026-08-31,3,0,완료,Y,적정,내부회계팀,Y,
OE-C0061-3차,C0061,2026,3차,2026-12-31,10,0,완료,Y,적정,내부회계팀,Y,
OE-C0062-1차,C0062,2026,1차,2026-04-30,5,0,완료,Y,적정,내부회계팀,Y,
OE-C0062-2차,C0062,2026,2차,2026-08-31,3,0,완료,Y,적정,내부회계팀,Y,
OE-C0062-3차,C0062,2026,3차,2026-12-31,15,0,완료,Y,적정,내부회계팀,Y,
OE-C0063-1차,C0063,2026,1차,2026-04-30,15,0,완료,Y,적정,내부회계팀,Y,
OE-C0063-2차,C0063,2026,2차,2026-08-31,25,0,완료,Y,적정,내부회계팀,Y,
OE-C0063-3차,C0063,2026,3차,2026-12-31,1,0,완료,Y,적정,내부회계팀,Y,
OE-C0064-1차,C0064,2026,1차,2026-04-30,3,0,완료,Y,적정,내부회계팀,Y,
OE-C0064-2차,C0064,2026,2차,2026-08-31,10,0,완료,Y,적정,내부회계팀,Y,
OE-C0064-3차,C0064,2026,3차,2026-12-31,10,4,완료,N,미흡,내부회계팀,Y,
OE-C0065-1차,C0065,2026,1차,2026-04-30,1,0,완료,Y,적정,내부회계팀,Y,
OE-C0065-2차,C0065,2026,2차,2026-08-31,25,5,미제출,Y,미흡,내부회계팀,Y,
OE-C0065-3차,C0065,2026,3차,2026-12-31,10,0,완료,Y,적정,내부회계팀,Y,
OE-C0066-1차,C0066,2026,1차,2026-04-30,15,0,완료,Y,적정,내부회계팀,Y,
OE-C0066-2차,C0066,2026,2차,2026-08-31,10,0,완료,Y,적정,내부회계팀,Y,
OE-C0066-3차,C0066,2026,3차,2026-12-31,1,0,완료,Y,적정,내부회계팀,Y,
OE-C0067-1차,C0067,2026,1차,2026-04-30,3,0,완료,Y,적정,내부회계팀,Y,
OE-C0067-2차,C0067,2026,2차,2026-08-31,5,0,완료,Y,적정,내부회계팀,Y,
OE-C0067-3차,C0067,2026,3차,2026-12-31,5,0,완료,Y,적정,내부회계팀,Y,
OE-C0068-1차,C0068,2026,1차,2026-04-30,5,0,완료,Y,적정,내부회계팀,Y,
OE-C0068-2차,C0068,2026,2차,2026-08-31,5,0,완료,Y,적정,내부회계팀,Y,
OE-C0068-3차,C0068,2026,3차,2026-12-31,3,0,완료,Y,적정,내부회계팀,Y,
OE-C0069-1차,C0069,2026,1차,2026-04-30,3,0,완료,Y,적정,내부회계팀,Y,
OE-C0069-2차,C0069,2026,2차,2026-08-31,3,0,완료,Y,적정,내부회계팀,Y,
OE-C0069-3차,C0069,2026,3차,2026-12-31,5,0,완료,Y,적정,내부회계팀,Y,
OE-C0070-1차,C0070,2026,1차,2026-04-30,1,0,완료,Y,적정,내부회계팀,Y,
OE-C0070-2차,C0070,2026,2차,2026-08-31,5,0,완료,Y,적정,내부회계팀,Y,
OE-C0070-3차,C0070,2026,3차,2026-12-31,15,0,완료,Y,적정,내부회계팀,Y,
OE-C0071-1차,C0071,2026,1차,2026-04-30,25,0,완료,Y,적정,내부회계팀,Y,
OE-C0071-2차,C0071,2026,2차,2026-08-31,15,0,완료,Y,적정,내부회계팀,Y,
OE-C0071-3차,C0071,2026,3차,2026-12-31,15,0,완료,Y,적정,내부회계팀,Y,
OE-C0072-1차,C0072,2026,1차,2026-04-30,15,0,완료,Y,적정,내부회계팀,Y,
OE-C0072-2차,C0072,2026,2차,2026-08-31,1,0,완료,N,적정,내부회계팀,Y,
OE-C0072-3차,C0072,2026,3차,2026-12-31,3,0,완료,Y,적정,내부회계팀,Y,
OE-C0073-1차,C0073,2026,1차,2026-04-30,3,0,완료,Y,적정,내부회계팀,Y,
OE-C0073-2차,C0073,2026,2차,2026-08-31,5,0,완료,Y,적정,내부회계팀,Y,
OE-C0073-3차,C0073,2026,3차,2026-12-31,5,0,완료,Y,적정,내부회계팀,Y,
OE-C0074-1차,C0074,2026,1차,2026-04-30,3,0,완료,Y,적정,내부회계팀,Y,
OE-C0074-2차,C0074,2026,2차,2026-08-31,3,0,완료,Y,적정,내부회계팀,Y,
OE-C0074-3차,C0074,2026,3차,2026-12-31,25,0,완료,Y,적정,내부회계팀,Y,
OE-C0075-1차,C0075,2026,1차,2026-04-30,10,2,불완전,N,미흡,내부회계팀,Y,
OE-C0075-2차,C0075,2026,2차,2026-08-31,25,0,완료,Y,적정,내부회계팀,Y,
OE-C0075-3차,C0075,2026,3차,2026-12-31,3,0,완료,Y,적정,내부회계팀,Y,
OE-C0076-1차,C0076,2026,1차,2026-04-30,3,0,완료,Y,적정,내부회계팀,Y,
OE-C0076-2차,C0076,2026,2차,2026-08-31,15,0,완료,Y,적정,내부회계팀,Y,
OE-C0076-3차,C0076,2026,3차,2026-12-31,10,0,완료,Y,적정,내부회계팀,Y,
OE-C0077-1차,C0077,2026,1차,2026-04-30,10,0,완료,N,적정,내부회계팀,Y,
OE-C0077-2차,C0077,2026,2차,2026-08-31,5,0,완료,Y,적정,내부회계팀,Y,
OE-C0077-3차,C0077,2026,3차,2026-12-31,1,0,완료,N,적정,내부회계팀,Y,
OE-C0078-1차,C0078,2026,1차,2026-04-30,3,2,미제출,Y,미흡,내부회계팀,Y,
OE-C0078-2차,C0078,2026,2차,2026-08-31,15,5,미제출,N,미흡,내부회계팀,Y,
OE-C0078-3차,C0078,2026,3차,2026-12-31,5,0,완료,Y,적정,내부회계팀,Y,
OE-C0079-1차,C0079,2026,1차,2026-04-30,25,0,완료,Y,적정,내부회계팀,Y,
OE-C0079-2차,C0079,2026,2차,2026-08-31,1,0,완료,Y,적정,내부회계팀,Y,
OE-C0079-3차,C0079,2026,3차,2026-12-31,10,0,완료,Y,적정,내부회계팀,Y,
OE-C0080-1차,C0080,2026,1차,2026-04-30,10,0,완료,Y,적정,내부회계팀,Y,
OE-C0080-2차,C0080,2026,2차,2026-08-31,10,0,완료,Y,적정,내부회계팀,Y,
OE-C0080-3차,C0080,2026,3차,2026-12-31,1,0,완료,Y,적정,내부회계팀,Y,
OE-C0081-1차,C0081,2026,1차,2026-04-30,15,0,완료,Y,적정,내부회계팀,Y,
OE-C0081-2차,C0081,2026,2차,2026-08-31,15,0,완료,N,적정,내부회계팀,Y,
OE-C0081-3차,C0081,2026,3차,2026-12-31,25,0,완료,Y,적정,내부회계팀,Y,
OE-C0082-1차,C0082,2026,1차,2026-04-30,25,0,완료,Y,적정,내부회계팀,Y,
OE-C0082-2차,C0082,2026,2차,2026-08-31,15,0,완료,Y,적정,내부회계팀,Y,
OE-C0082-3차,C0082,2026,3차,2026-12-31,10,0,완료,Y,적정,내부회계팀,Y,
OE-C0083-1차,C0083,2026,1차,2026-04-30,25,0,완료,N,적정,내부회계팀,Y,
OE-C0083-2차,C0083,2026,2차,2026-08-31,5,5,완료,Y,미흡,내부회계팀,Y,
OE-C0083-3차,C0083,2026,3차,2026-12-31,10,1,미제출,N,미흡,내부회계팀,Y,
OE-C0084-1차,C0084,2026,1차,2026-04-30,3,0,완료,Y,적정,내부회계팀,Y,
OE-C0084-2차,C0084,2026,2차,2026-08-31,25,0,완료,Y,적정,내부회계팀,Y,
OE-C0084-3차,C0084,2026,3차,2026-12-31,15,0,완료,Y,적정,내부회계팀,Y,
OE-C0085-1차,C0085,2026,1차,2026-04-30,3,5,미제출,Y,미흡,내부회계팀,Y,
OE-C0085-2차,C0085,2026,2차,2026-08-31,1,5,불완전,N,미흡,내부회계팀,Y,
OE-C0085-3차,C0085,2026,3차,2026-12-31,25,0,완료,Y,적정,내부회계팀,Y,
OE-C0086-1차,C0086,2026,1차,2026-04-30,25,0,완료,N,적정,내부회계팀,Y,
OE-C0086-2차,C0086,2026,2차,2026-08-31,3,0,완료,Y,적정,내부회계팀,Y,
OE-C0086-3차,C0086,2026,3차,2026-12-31,3,0,완료,Y,적정,내부회계팀,Y,
OE-C0087-1차,C0087,2026,1차,2026-04-30,15,0,완료,Y,적정,내부회계팀,Y,
OE-C0087-2차,C0087,2026,2차,2026-08-31,25,0,완료,N,적정,내부회계팀,Y,
OE-C0087-3차,C0087,2026,3차,2026-12-31,5,3,불완전,Y,미흡,내부회계팀,Y,
OE-C0088-1차,C0088,2026,1차,2026-04-30,10,2,완료,N,미흡,내부회계팀,Y,
OE-C0088-2차,C0088,2026,2차,2026-08-31,5,0,완료,Y,적정,내부회계팀,Y,
OE-C0088-3차,C0088,2026,3차,2026-12-31,25,0,완료,Y,적정,내부회계팀,Y,
OE-C0089-1차,C0089,2026,1차,2026-04-30,15,0,완료,Y,적정,내부회계팀,Y,
OE-C0089-2차,C0089,2026,2차,2026-08-31,3,0,완료,Y,적정,내부회계팀,Y,
OE-C0089-3차,C0089,2026,3차,2026-12-31,15,0,완료,Y,적정,내부회계팀,Y,
OE-C0090-1차,C0090,2026,1차,2026-04-30,10,0,완료,Y,적정,내부회계팀,Y,
OE-C0090-2차,C0090,2026,2차,2026-08-31,15,0,완료,Y,적정,내부회계팀,Y,
OE-C0090-3차,C0090,2026,3차,2026-12-31,1,0,완료,Y,적정,내부회계팀,Y,
OE-C0091-1차,C0091,2026,1차,2026-04-30,10,0,완료,Y,적정,내부회계팀,Y,
OE-C0091-2차,C0091,2026,2차,2026-08-31,5,0,완료,Y,적정,내부회계팀,Y,
OE-C0091-3차,C0091,2026,3차,2026-12-31,25,0,완료,N,적정,내부회계팀,Y,
OE-C0092-1차,C0092,2026,1차,2026-04-30,10,1,완료,Y,미흡,내부회계팀,Y,
OE-C0092-2차,C0092,2026,2차,2026-08-31,25,0,완료,Y,적정,내부회계팀,Y,
OE-C0092-3차,C0092,2026,3차,2026-12-31,25,0,완료,Y,적정,내부회계팀,Y,
OE-C0093-1차,C0093,2026,1차,2026-04-30,3,0,완료,Y,적정,내부회계팀,Y,
OE-C0093-2차,C0093,2026,2차,2026-08-31,3,0,완료,Y,적정,내부회계팀,Y,
OE-C0093-3차,C0093,2026,3차,2026-12-31,5,0,완료,Y,적정,내부회계팀,Y,
OE-C0094-1차,C0094,2026,1차,2026-04-30,10,0,완료,Y,적정,내부회계팀,Y,
OE-C0094-2차,C0094,2026,2차,2026-08-31,15,0,완료,N,적정,내부회계팀,Y,
OE-C0094-3차,C0094,2026,3차,2026-12-31,25,0,완료,Y,적정,내부회계팀,Y,
OE-C0095-1차,C0095,2026,1차,2026-04-30,1,0,완료,Y,적정,내부회계팀,Y,
OE-C0095-2차,C0095,2026,2차,2026-08-31,5,0,완료,Y,적정,내부회계팀,Y,
OE-C0095-3차,C0095,2026,3차,2026-12-31,10,0,완료,Y,적정,내부회계팀,Y,
OE-C0096-1차,C0096,2026,1차,2026-04-30,10,0,완료,Y,적정,내부회계팀,Y,
OE-C0096-2차,C0096,2026,2차,2026-08-31,10,0,완료,Y,적정,내부회계팀,Y,
OE-C0096-3차,C0096,2026,3차,2026-12-31,1,0,완료,Y,적정,내부회계팀,Y,
OE-C0097-1차,C0097,2026,1차,2026-04-30,10,0,완료,Y,적정,내부회계팀,Y,
OE-C0097-2차,C0097,2026,2차,2026-08-31,5,0,완료,Y,적정,내부회계팀,Y,
OE-C0097-3차,C0097,2026,3차,2026-12-31,10,0,완료,N,적정,내부회계팀,Y,
OE-C0098-1차,C0098,2026,1차,2026-04-30,1,0,완료,Y,적정,내부회계팀,Y,
OE-C0098-2차,C0098,2026,2차,2026-08-31,15,0,완료,Y,적정,내부회계팀,Y,
OE-C0098-3차,C0098,2026,3차,2026-12-31,5,0,완료,Y,적정,내부회계팀,Y,
OE-C0099-1차,C0099,2026,1차,2026-04-30,3,0,완료,Y,적정,내부회계팀,Y,
OE-C0099-2차,C0099,2026,2차,2026-08-31,1,0,완료,Y,적정,내부회계팀,Y,
OE-C0099-3차,C0099,2026,3차,2026-12-31,25,0,완료,Y,적정,내부회계팀,Y,
OE-C0100-1차,C0100,2026,1차,2026-04-30,10,0,완료,Y,적정,내부회계팀,Y,
OE-C0100-2차,C0100,2026,2차,2026-08-31,25,2,완료,Y,미흡,내부회계팀,Y,
OE-C0100-3차,C0100,2026,3차,2026-12-31,1,0,완료,Y,적정,내부회계팀,Y,
OE-C0101-1차,C0101,2026,1차,2026-04-30,15,0,완료,Y,적정,내부회계팀,Y,
OE-C0101-2차,C0101,2026,2차,2026-08-31,10,0,완료,Y,적정,내부회계팀,Y,
OE-C0101-3차,C0101,2026,3차,2026-12-31,5,0,완료,N,적정,내부회계팀,Y,
OE-C0102-1차,C0102,2026,1차,2026-04-30,10,0,완료,Y,적정,내부회계팀,Y,
OE-C0102-2차,C0102,2026,2차,2026-08-31,1,0,완료,Y,적정,내부회계팀,Y,
OE-C0102-3차,C0102,2026,3차,2026-12-31,1,0,완료,N,적정,내부회계팀,Y,
OE-C0103-1차,C0103,2026,1차,2026-04-30,15,0,완료,Y,적정,내부회계팀,Y,
OE-C0103-2차,C0103,2026,2차,2026-08-31,3,0,완료,Y,적정,내부회계팀,Y,
OE-C0103-3차,C0103,2026,3차,2026-12-31,25,0,완료,N,적정,내부회계팀,Y,
OE-C0104-1차,C0104,2026,1차,2026-04-30,15,0,완료,Y,적정,내부회계팀,Y,
OE-C0104-2차,C0104,2026,2차,2026-08-31,3,0,완료,Y,적정,내부회계팀,Y,
OE-C0104-3차,C0104,2026,3차,2026-12-31,1,0,완료,Y,적정,내부회계팀,Y,
OE-C0105-1차,C0105,2026,1차,2026-04-30,15,0,완료,Y,적정,내부회계팀,Y,
OE-C0105-2차,C0105,2026,2차,2026-08-31,10,0,완료,Y,적정,내부회계팀,Y,
OE-C0105-3차,C0105,2026,3차,2026-12-31,15,0,완료,Y,적정,내부회계팀,Y,
OE-C0106-1차,C0106,2026,1차,2026-04-30,3,0,완료,Y,적정,내부회계팀,Y,
OE-C0106-2차,C0106,2026,2차,2026-08-31,5,0,완료,Y,적정,내부회계팀,Y,
OE-C0106-3차,C0106,2026,3차,2026-12-31,3,0,완료,N,적정,내부회계팀,Y,
OE-C0107-1차,C0107,2026,1차,2026-04-30,3,0,완료,Y,적정,내부회계팀,Y,
OE-C0107-2차,C0107,2026,2차,2026-08-31,3,0,완료,Y,적정,내부회계팀,Y,
OE-C0107-3차,C0107,2026,3차,2026-12-31,1,0,완료,Y,적정,내부회계팀,Y,
OE-C0108-1차,C0108,2026,1차,2026-04-30,10,0,완료,N,적정,내부회계팀,Y,
OE-C0108-2차,C0108,2026,2차,2026-08-31,3,5,미제출,N,미흡,내부회계팀,Y,
OE-C0108-3차,C0108,2026,3차,2026-12-31,15,0,완료,Y,적정,내부회계팀,Y,
OE-C0109-1차,C0109,2026,1차,2026-04-30,1,0,완료,Y,적정,내부회계팀,Y,
OE-C0109-2차,C0109,2026,2차,2026-08-31,15,0,완료,N,적정,내부회계팀,Y,
OE-C0109-3차,C0109,2026,3차,2026-12-31,25,0,완료,Y,적정,내부회계팀,Y,
OE-C0110-1차,C0110,2026,1차,2026-04-30,1,0,완료,Y,적정,내부회계팀,Y,
OE-C0110-2차,C0110,2026,2차,2026-08-31,5,0,완료,Y,적정,내부회계팀,Y,
OE-C0110-3차,C0110,2026,3차,2026-12-31,5,0,완료,Y,적정,내부회계팀,Y,
OE-C0111-1차,C0111,2026,1차,2026-04-30,25,0,완료,Y,적정,내부회계팀,Y,
OE-C0111-2차,C0111,2026,2차,2026-08-31,1,0,완료,N,적정,내부회계팀,Y,
OE-C0111-3차,C0111,2026,3차,2026-12-31,1,0,완료,Y,적정,내부회계팀,Y,
OE-C0112-1차,C0112,2026,1차,2026-04-30,5,0,완료,Y,적정,내부회계팀,Y,
OE-C0112-2차,C0112,2026,2차,2026-08-31,25,2,미제출,Y,미흡,내부회계팀,Y,
OE-C0112-3차,C0112,2026,3차,2026-12-31,5,0,완료,Y,적정,내부회계팀,Y,
OE-C0113-1차,C0113,2026,1차,2026-04-30,10,0,완료,Y,적정,내부회계팀,Y,
OE-C0113-2차,C0113,2026,2차,2026-08-31,10,1,완료,Y,미흡,내부회계팀,Y,
OE-C0113-3차,C0113,2026,3차,2026-12-31,15,0,완료,Y,적정,내부회계팀,Y,
OE-C0114-1차,C0114,2026,1차,2026-04-30,25,0,완료,Y,적정,내부회계팀,Y,
OE-C0114-2차,C0114,2026,2차,2026-08-31,15,0,완료,Y,적정,내부회계팀,Y,
OE-C0114-3차,C0114,2026,3차,2026-12-31,25,0,완료,Y,적정,내부회계팀,Y,
OE-C0115-1차,C0115,2026,1차,2026-04-30,15,0,완료,Y,적정,내부회계팀,Y,
OE-C0115-2차,C0115,2026,2차,2026-08-31,5,0,완료,N,적정,내부회계팀,Y,
OE-C0115-3차,C0115,2026,3차,2026-12-31,1,0,완료,Y,적정,내부회계팀,Y,
OE-C0116-1차,C0116,2026,1차,2026-04-30,5,0,완료,Y,적정,내부회계팀,Y,
OE-C0116-2차,C0116,2026,2차,2026-08-31,15,0,완료,Y,적정,내부회계팀,Y,
OE-C0116-3차,C0116,2026,3차,2026-12-31,15,0,완료,Y,적정,내부회계팀,Y,
OE-C0117-1차,C0117,2026,1차,2026-04-30,10,0,완료,Y,적정,내부회계팀,Y,
OE-C0117-2차,C0117,2026,2차,2026-08-31,15,0,완료,Y,적정,내부회계팀,Y,
OE-C0117-3차,C0117,2026,3차,2026-12-31,1,0,완료,Y,적정,내부회계팀,Y,
OE-C0118-1차,C0118,2026,1차,2026-04-30,1,0,완료,Y,적정,내부회계팀,Y,
OE-C0118-2차,C0118,2026,2차,2026-08-31,10,0,완료,Y,적정,내부회계팀,Y,
OE-C0118-3차,C0118,2026,3차,2026-12-31,1,0,완료,Y,적정,내부회계팀,Y,
OE-C0119-1차,C0119,2026,1차,2026-04-30,15,0,완료,Y,적정,내부회계팀,Y,
OE-C0119-2차,C0119,2026,2차,2026-08-31,25,0,완료,Y,적정,내부회계팀,Y,
OE-C0119-3차,C0119,2026,3차,2026-12-31,15,0,완료,Y,적정,내부회계팀,Y,
OE-C0120-1차,C0120,2026,1차,2026-04-30,25,0,완료,Y,적정,내부회계팀,Y,
OE-C0120-2차,C0120,2026,2차,2026-08-31,5,0,완료,Y,적정,내부회계팀,Y,
OE-C0120-3차,C0120,2026,3차,2026-12-31,10,0,완료,Y,적정,내부회계팀,Y,
OE-C0121-1차,C0121,2026,1차,2026-04-30,1,0,완료,Y,적정,내부회계팀,Y,
OE-C0121-2차,C0121,2026,2차,2026-08-31,10,0,완료,Y,적정,내부회계팀,Y,
OE-C0121-3차,C0121,2026,3차,2026-12-31,1,0,완료,N,적정,내부회계팀,Y,
OE-C0122-1차,C0122,2026,1차,2026-04-30,3,0,완료,Y,적정,내부회계팀,Y,
OE-C0122-2차,C0122,2026,2차,2026-08-31,5,0,완료,Y,적정,내부회계팀,Y,
OE-C0122-3차,C0122,2026,3차,2026-12-31,15,0,완료,Y,적정,내부회계팀,Y,
OE-C0123-1차,C0123,2026,1차,2026-04-30,1,0,완료,Y,적정,내부회계팀,Y,
OE-C0123-2차,C0123,2026,2차,2026-08-31,25,0,완료,Y,적정,내부회계팀,Y,
OE-C0123-3차,C0123,2026,3차,2026-12-31,25,0,완료,Y,적정,내부회계팀,Y,
OE-C0124-1차,C0124,2026,1차,2026-04-30,10,0,완료,Y,적정,내부회계팀,Y,
OE-C0124-2차,C0124,2026,2차,2026-08-31,10,0,완료,N,적정,내부회계팀,Y,
OE-C0124-3차,C0124,2026,3차,2026-12-31,3,0,완료,N,적정,내부회계팀,Y,
OE-C0125-1차,C0125,2026,1차,2026-04-30,10,0,완료,Y,적정,내부회계팀,Y,
OE-C0125-2차,C0125,2026,2차,2026-08-31,10,0,완료,Y,적정,내부회계팀,Y,
OE-C0125-3차,C0125,2026,3차,2026-12-31,3,0,완료,N,적정,내부회계팀,Y,
OE-C0126-1차,C0126,2026,1차,2026-04-30,5,0,완료,Y,적정,내부회계팀,Y,
OE-C0126-2차,C0126,2026,2차,2026-08-31,25,0,완료,Y,적정,내부회계팀,Y,
OE-C0126-3차,C0126,2026,3차,2026-12-31,15,0,완료,Y,적정,내부회계팀,Y,
OE-C0127-1차,C0127,2026,1차,2026-04-30,1,0,완료,Y,적정,내부회계팀,Y,
OE-C0127-2차,C0127,2026,2차,2026-08-31,15,0,완료,Y,적정,내부회계팀,Y,
OE-C0127-3차,C0127,2026,3차,2026-12-31,5,0,완료,Y,적정,내부회계팀,Y,
OE-C0128-1차,C0128,2026,1차,2026-04-30,1,0,완료,Y,적정,내부회계팀,Y,
OE-C0128-2차,C0128,2026,2차,2026-08-31,5,0,완료,Y,적정,내부회계팀,Y,
OE-C0128-3차,C0128,2026,3차,2026-12-31,1,0,완료,N,적정,내부회계팀,Y,
OE-C0129-1차,C0129,2026,1차,2026-04-30,3,0,완료,Y,적정,내부회계팀,Y,
OE-C0129-2차,C0129,2026,2차,2026-08-31,1,0,완료,Y,적정,내부회계팀,Y,
OE-C0129-3차,C0129,2026,3차,2026-12-31,3,0,완료,Y,적정,내부회계팀,Y,
OE-C0130-1차,C0130,2026,1차,2026-04-30,5,0,완료,Y,적정,내부회계팀,Y,
OE-C0130-2차,C0130,2026,2차,2026-08-31,5,0,완료,Y,적정,내부회계팀,Y,
OE-C0130-3차,C0130,2026,3차,2026-12-31,1,0,완료,Y,적정,내부회계팀,Y,
OE-C0131-1차,C0131,2026,1차,2026-04-30,1,0,완료,N,적정,내부회계팀,Y,
OE-C0131-2차,C0131,2026,2차,2026-08-31,15,0,완료,Y,적정,내부회계팀,Y,
OE-C0131-3차,C0131,2026,3차,2026-12-31,1,0,완료,Y,적정,내부회계팀,Y,
OE-C0132-1차,C0132,2026,1차,2026-04-30,5,0,완료,Y,적정,내부회계팀,Y,
OE-C0132-2차,C0132,2026,2차,2026-08-31,10,0,완료,Y,적정,내부회계팀,Y,
OE-C0132-3차,C0132,2026,3차,2026-12-31,25,0,완료,Y,적정,내부회계팀,Y,
OE-C0133-1차,C0133,2026,1차,2026-04-30,1,0,완료,Y,적정,내부회계팀,Y,
OE-C0133-2차,C0133,2026,2차,2026-08-31,25,0,완료,Y,적정,내부회계팀,Y,
OE-C0133-3차,C0133,2026,3차,2026-12-31,5,0,완료,Y,적정,내부회계팀,Y,
OE-C0134-1차,C0134,2026,1차,2026-04-30,3,0,완료,Y,적정,내부회계팀,Y,
OE-C0134-2차,C0134,2026,2차,2026-08-31,25,0,완료,Y,적정,내부회계팀,Y,
OE-C0134-3차,C0134,2026,3차,2026-12-31,25,0,완료,Y,적정,내부회계팀,Y,
OE-C0135-1차,C0135,2026,1차,2026-04-30,3,0,완료,Y,적정,내부회계팀,Y,
OE-C0135-2차,C0135,2026,2차,2026-08-31,10,0,완료,Y,적정,내부회계팀,Y,
OE-C0135-3차,C0135,2026,3차,2026-12-31,10,4,완료,Y,미흡,내부회계팀,Y,
OE-C0136-1차,C0136,2026,1차,2026-04-30,15,0,완료,Y,적정,내부회계팀,Y,
OE-C0136-2차,C0136,2026,2차,2026-08-31,3,0,완료,N,적정,내부회계팀,Y,
OE-C0136-3차,C0136,2026,3차,2026-12-31,15,0,완료,Y,적정,내부회계팀,Y,
OE-C0137-1차,C0137,2026,1차,2026-04-30,3,0,완료,N,적정,내부회계팀,Y,
OE-C0137-2차,C0137,2026,2차,2026-08-31,1,0,완료,Y,적정,내부회계팀,Y,
OE-C0137-3차,C0137,2026,3차,2026-12-31,10,0,완료,Y,적정,내부회계팀,Y,
OE-C0138-1차,C0138,2026,1차,2026-04-30,10,0,완료,Y,적정,내부회계팀,Y,
OE-C0138-2차,C0138,2026,2차,2026-08-31,15,0,완료,N,적정,내부회계팀,Y,
OE-C0138-3차,C0138,2026,3차,2026-12-31,15,0,완료,Y,적정,내부회계팀,Y,
OE-C0139-1차,C0139,2026,1차,2026-04-30,1,0,완료,Y,적정,내부회계팀,Y,
OE-C0139-2차,C0139,2026,2차,2026-08-31,10,0,완료,Y,적정,내부회계팀,Y,
OE-C0139-3차,C0139,2026,3차,2026-12-31,25,0,완료,Y,적정,내부회계팀,Y,
OE-C0140-1차,C0140,2026,1차,2026-04-30,25,0,완료,Y,적정,내부회계팀,Y,
OE-C0140-2차,C0140,2026,2차,2026-08-31,5,0,완료,Y,적정,내부회계팀,Y,
OE-C0140-3차,C0140,2026,3차,2026-12-31,1,0,완료,Y,적정,내부회계팀,Y,
OE-C0141-1차,C0141,2026,1차,2026-04-30,3,0,완료,Y,적정,내부회계팀,Y,
OE-C0141-2차,C0141,2026,2차,2026-08-31,5,3,완료,N,미흡,내부회계팀,Y,
OE-C0141-3차,C0141,2026,3차,2026-12-31,3,0,완료,Y,적정,내부회계팀,Y,
OE-C0142-1차,C0142,2026,1차,2026-04-30,15,0,완료,Y,적정,내부회계팀,Y,
OE-C0142-2차,C0142,2026,2차,2026-08-31,3,0,완료,Y,적정,내부회계팀,Y,
OE-C0142-3차,C0142,2026,3차,2026-12-31,3,0,완료,Y,적정,내부회계팀,Y,
OE-C0143-1차,C0143,2026,1차,2026-04-30,5,0,완료,Y,적정,내부회계팀,Y,
OE-C0143-2차,C0143,2026,2차,2026-08-31,25,0,완료,Y,적정,내부회계팀,Y,
OE-C0143-3차,C0143,2026,3차,2026-12-31,1,0,완료,Y,적정,내부회계팀,Y,
OE-C0144-1차,C0144,2026,1차,2026-04-30,10,0,완료,Y,적정,내부회계팀,Y,
OE-C0144-2차,C0144,2026,2차,2026-08-31,15,0,완료,Y,적정,내부회계팀,Y,
OE-C0144-3차,C0144,2026,3차,2026-12-31,5,0,완료,N,적정,내부회계팀,Y,
OE-C0145-1차,C0145,2026,1차,2026-04-30,10,1,불완전,Y,미흡,내부회계팀,Y,
OE-C0145-2차,C0145,2026,2차,2026-08-31,10,0,완료,Y,적정,내부회계팀,Y,
OE-C0145-3차,C0145,2026,3차,2026-12-31,15,0,완료,Y,적정,내부회계팀,Y,
OE-C0146-1차,C0146,2026,1차,2026-04-30,1,0,완료,Y,적정,내부회계팀,Y,
OE-C0146-2차,C0146,2026,2차,2026-08-31,3,4,미제출,Y,미흡,내부회계팀,Y,
OE-C0146-3차,C0146,2026,3차,2026-12-31,1,0,완료,Y,적정,내부회계팀,Y,
OE-C0147-1차,C0147,2026,1차,2026-04-30,1,0,완료,Y,적정,내부회계팀,Y,
OE-C0147-2차,C0147,2026,2차,2026-08-31,15,0,완료,Y,적정,내부회계팀,Y,
OE-C0147-3차,C0147,2026,3차,2026-12-31,1,0,완료,Y,적정,내부회계팀,Y,
OE-C0148-1차,C0148,2026,1차,2026-04-30,10,3,완료,Y,미흡,내부회계팀,Y,
OE-C0148-2차,C0148,2026,2차,2026-08-31,25,0,완료,Y,적정,내부회계팀,Y,
OE-C0148-3차,C0148,2026,3차,2026-12-31,3,0,완료,Y,적정,내부회계팀,Y,
OE-C0149-1차,C0149,2026,1차,2026-04-30,15,0,완료,Y,적정,내부회계팀,Y,
OE-C0149-2차,C0149,2026,2차,2026-08-31,3,0,완료,Y,적정,내부회계팀,Y,
OE-C0149-3차,C0149,2026,3차,2026-12-31,3,0,완료,Y,적정,내부회계팀,Y,
OE-C0150-1차,C0150,2026,1차,2026-04-30,25,0,완료,Y,적정,내부회계팀,Y,
OE-C0150-2차,C0150,2026,2차,2026-08-31,1,0,완료,Y,적정,내부회계팀,Y,
OE-C0150-3차,C0150,2026,3차,2026-12-31,15,0,완료,Y,적정,내부회계팀,Y,
OE-C0151-1차,C0151,2026,1차,2026-04-30,15,0,완료,Y,적정,내부회계팀,Y,
OE-C0151-2차,C0151,2026,2차,2026-08-31,3,0,완료,Y,적정,내부회계팀,Y,
OE-C0151-3차,C0151,2026,3차,2026-12-31,10,0,완료,Y,적정,내부회계팀,Y,
OE-C0152-1차,C0152,2026,1차,2026-04-30,10,0,완료,Y,적정,내부회계팀,Y,
OE-C0152-2차,C0152,2026,2차,2026-08-31,1,0,완료,Y,적정,내부회계팀,Y,
OE-C0152-3차,C0152,2026,3차,2026-12-31,3,0,완료,Y,적정,내부회계팀,Y,
OE-C0153-1차,C0153,2026,1차,2026-04-30,3,0,완료,Y,적정,내부회계팀,Y,
OE-C0153-2차,C0153,2026,2차,2026-08-31,15,0,완료,N,적정,내부회계팀,Y,
OE-C0153-3차,C0153,2026,3차,2026-12-31,1,0,완료,Y,적정,내부회계팀,Y,
OE-C0154-1차,C0154,2026,1차,2026-04-30,25,0,완료,Y,적정,내부회계팀,Y,
OE-C0154-2차,C0154,2026,2차,2026-08-31,3,0,완료,Y,적정,내부회계팀,Y,
OE-C0154-3차,C0154,2026,3차,2026-12-31,5,0,완료,Y,적정,내부회계팀,Y,
OE-C0155-1차,C0155,2026,1차,2026-04-30,1,0,완료,Y,적정,내부회계팀,Y,
OE-C0155-2차,C0155,2026,2차,2026-08-31,3,0,완료,Y,적정,내부회계팀,Y,
OE-C0155-3차,C0155,2026,3차,2026-12-31,15,0,완료,Y,적정,내부회계팀,Y,
OE-C0156-1차,C0156,2026,1차,2026-04-30,10,0,완료,Y,적정,내부회계팀,Y,
OE-C0156-2차,C0156,2026,2차,2026-08-31,3,0,완료,Y,적정,내부회계팀,Y,
OE-C0156-3차,C0156,2026,3차,2026-12-31,10,0,완료,Y,적정,내부회계팀,Y,
OE-C0157-1차,C0157,2026,1차,2026-04-30,15,0,완료,Y,적정,내부회계팀,Y,
OE-C0157-2차,C0157,2026,2차,2026-08-31,3,0,완료,N,적정,내부회계팀,Y,
OE-C0157-3차,C0157,2026,3차,2026-12-31,15,0,완료,Y,적정,내부회계팀,Y,
OE-C0158-1차,C0158,2026,1차,2026-04-30,1,0,완료,Y,적정,내부회계팀,Y,
OE-C0158-2차,C0158,2026,2차,2026-08-31,1,3,미제출,Y,미흡,내부회계팀,Y,
OE-C0158-3차,C0158,2026,3차,2026-12-31,1,0,완료,Y,적정,내부회계팀,Y,
OE-C0159-1차,C0159,2026,1차,2026-04-30,1,0,완료,Y,적정,내부회계팀,Y,
OE-C0159-2차,C0159,2026,2차,2026-08-31,1,0,완료,Y,적정,내부회계팀,Y,
OE-C0159-3차,C0159,2026,3차,2026-12-31,25,0,완료,N,적정,내부회계팀,Y,
OE-C0160-1차,C0160,2026,1차,2026-04-30,5,3,미제출,N,미흡,내부회계팀,Y,
OE-C0160-2차,C0160,2026,2차,2026-08-31,1,1,불완전,Y,미흡,내부회계팀,Y,
OE-C0160-3차,C0160,2026,3차,2026-12-31,3,0,완료,Y,적정,내부회계팀,Y,
OE-C0161-1차,C0161,2026,1차,2026-04-30,1,0,완료,N,적정,내부회계팀,Y,
OE-C0161-2차,C0161,2026,2차,2026-08-31,5,0,완료,Y,적정,내부회계팀,Y,
OE-C0161-3차,C0161,2026,3차,2026-12-31,25,0,완료,Y,적정,내부회계팀,Y,
OE-C0162-1차,C0162,2026,1차,2026-04-30,10,0,완료,Y,적정,내부회계팀,Y,
OE-C0162-2차,C0162,2026,2차,2026-08-31,25,0,완료,Y,적정,내부회계팀,Y,
OE-C0162-3차,C0162,2026,3차,2026-12-31,5,0,완료,Y,적정,내부회계팀,Y,
OE-C0163-1차,C0163,2026,1차,2026-04-30,25,0,완료,Y,적정,내부회계팀,Y,
OE-C0163-2차,C0163,2026,2차,2026-08-31,25,0,완료,Y,적정,내부회계팀,Y,
OE-C0163-3차,C0163,2026,3차,2026-12-31,5,0,완료,Y,적정,내부회계팀,Y,
OE-C0164-1차,C0164,2026,1차,2026-04-30,10,0,완료,Y,적정,내부회계팀,Y,
OE-C0164-2차,C0164,2026,2차,2026-08-31,3,0,완료,Y,적정,내부회계팀,Y,
OE-C0164-3차,C0164,2026,3차,2026-12-31,1,0,완료,Y,적정,내부회계팀,Y,
OE-C0165-1차,C0165,2026,1차,2026-04-30,15,0,완료,Y,적정,내부회계팀,Y,
OE-C0165-2차,C0165,2026,2차,2026-08-31,25,0,완료,Y,적정,내부회계팀,Y,
OE-C0165-3차,C0165,2026,3차,2026-12-31,5,0,완료,Y,적정,내부회계팀,Y,
OE-C0166-1차,C0166,2026,1차,2026-04-30,25,0,완료,Y,적정,내부회계팀,Y,
OE-C0166-2차,C0166,2026,2차,2026-08-31,1,0,완료,Y,적정,내부회계팀,Y,
OE-C0166-3차,C0166,2026,3차,2026-12-31,1,0,완료,Y,적정,내부회계팀,Y,
OE-C0167-1차,C0167,2026,1차,2026-04-30,5,0,완료,Y,적정,내부회계팀,Y,
OE-C0167-2차,C0167,2026,2차,2026-08-31,1,0,완료,Y,적정,내부회계팀,Y,
OE-C0167-3차,C0167,2026,3차,2026-12-31,15,0,완료,Y,적정,내부회계팀,Y,
OE-C0168-1차,C0168,2026,1차,2026-04-30,10,0,완료,Y,적정,내부회계팀,Y,
OE-C0168-2차,C0168,2026,2차,2026-08-31,15,4,완료,Y,미흡,내부회계팀,Y,
OE-C0168-3차,C0168,2026,3차,2026-12-31,5,0,완료,Y,적정,내부회계팀,Y,
OE-C0169-1차,C0169,2026,1차,2026-04-30,15,0,완료,Y,적정,내부회계팀,Y,
OE-C0169-2차,C0169,2026,2차,2026-08-31,25,0,완료,Y,적정,내부회계팀,Y,
OE-C0169-3차,C0169,2026,3차,2026-12-31,10,0,완료,Y,적정,내부회계팀,Y,
OE-C0170-1차,C0170,2026,1차,2026-04-30,25,0,완료,Y,적정,내부회계팀,Y,
OE-C0170-2차,C0170,2026,2차,2026-08-31,15,0,완료,Y,적정,내부회계팀,Y,
OE-C0170-3차,C0170,2026,3차,2026-12-31,25,0,완료,Y,적정,내부회계팀,Y,
OE-C0171-1차,C0171,2026,1차,2026-04-30,1,0,완료,Y,적정,내부회계팀,Y,
OE-C0171-2차,C0171,2026,2차,2026-08-31,15,0,완료,N,적정,내부회계팀,Y,
OE-C0171-3차,C0171,2026,3차,2026-12-31,5,0,완료,Y,적정,내부회계팀,Y,
OE-C0172-1차,C0172,2026,1차,2026-04-30,1,0,완료,Y,적정,내부회계팀,Y,
OE-C0172-2차,C0172,2026,2차,2026-08-31,1,0,완료,N,적정,내부회계팀,Y,
OE-C0172-3차,C0172,2026,3차,2026-12-31,5,0,완료,Y,적정,내부회계팀,Y,
OE-C0173-1차,C0173,2026,1차,2026-04-30,25,0,완료,Y,적정,내부회계팀,Y,
OE-C0173-2차,C0173,2026,2차,2026-08-31,5,0,완료,N,적정,내부회계팀,Y,
OE-C0173-3차,C0173,2026,3차,2026-12-31,3,0,완료,Y,적정,내부회계팀,Y,
OE-C0174-1차,C0174,2026,1차,2026-04-30,1,0,완료,Y,적정,내부회계팀,Y,
OE-C0174-2차,C0174,2026,2차,2026-08-31,10,0,완료,Y,적정,내부회계팀,Y,
OE-C0174-3차,C0174,2026,3차,2026-12-31,3,0,완료,Y,적정,내부회계팀,Y,
OE-C0175-1차,C0175,2026,1차,2026-04-30,1,0,완료,Y,적정,내부회계팀,Y,
OE-C0175-2차,C0175,2026,2차,2026-08-31,5,0,완료,Y,적정,내부회계팀,Y,
OE-C0175-3차,C0175,2026,3차,2026-12-31,25,0,완료,Y,적정,내부회계팀,Y,
OE-C0176-1차,C0176,2026,1차,2026-04-30,25,0,완료,Y,적정,내부회계팀,Y,
OE-C0176-2차,C0176,2026,2차,2026-08-31,15,0,완료,Y,적정,내부회계팀,Y,
OE-C0176-3차,C0176,2026,3차,2026-12-31,25,0,완료,Y,적정,내부회계팀,Y,
OE-C0177-1차,C0177,2026,1차,2026-04-30,5,0,완료,Y,적정,내부회계팀,Y,
OE-C0177-2차,C0177,2026,2차,2026-08-31,1,0,완료,Y,적정,내부회계팀,Y,
OE-C0177-3차,C0177,2026,3차,2026-12-31,10,0,완료,Y,적정,내부회계팀,Y,
OE-C0178-1차,C0178,2026,1차,2026-04-30,1,0,완료,Y,적정,내부회계팀,Y,
OE-C0178-2차,C0178,2026,2차,2026-08-31,10,0,완료,Y,적정,내부회계팀,Y,
OE-C0178-3차,C0178,2026,3차,2026-12-31,25,0,완료,Y,적정,내부회계팀,Y,
OE-C0179-1차,C0179,2026,1차,2026-04-30,5,0,완료,Y,적정,내부회계팀,Y,
OE-C0179-2차,C0179,2026,2차,2026-08-31,3,0,완료,Y,적정,내부회계팀,Y,
OE-C0179-3차,C0179,2026,3차,2026-12-31,25,0,완료,Y,적정,내부회계팀,Y,
OE-C0180-1차,C0180,2026,1차,2026-04-30,15,0,완료,Y,적정,내부회계팀,Y,
OE-C0180-2차,C0180,2026,2차,2026-08-31,25,0,완료,Y,적정,내부회계팀,Y,
OE-C0180-3차,C0180,2026,3차,2026-12-31,10,0,완료,Y,적정,내부회계팀,Y,
